method,scenario,episode,traffic_seed,espera_media_s,espera_p95_s,espera_max_s,fila_maxima,throughput,tempo_viagem_medio_s,espera_media_avenida_s,espera_media_local_s,n_veiculos,dqn_seed
fixo_igual,grid,0,10000,175.7728181212525,335.9499999999998,747.0,264.0,2721,302.65123116501286,149.81220657276995,221.64055299539172,3002,
fixo_igual,grid,1,10001,172.04537758211987,318.4000000000001,744.0,250.0,2685,298.1940409683426,152.95696721311475,209.26873126873127,2953,
fixo_igual,grid,2,10002,174.15317433658046,316.0,657.0,255.0,2752,298.3630087209302,154.62468257998984,212.29960317460316,2977,
fixo_igual,grid,3,10003,173.0604696043744,311.5999999999999,699.0,269.0,2867,296.15207534007675,151.57373046875,214.5353440150801,3109,
fixo_igual,grid,4,10004,166.8538918205805,308.4499999999998,595.0,256.0,2776,289.3933717579251,147.8294953454189,206.03531786074672,3032,
fixo_igual,grid,5,10005,171.08383433533734,321.0,665.0,239.0,2770,295.00505415162456,150.45506493506494,208.2310570626754,2994,
fixo_igual,grid,6,10006,169.02858103564222,307.0,648.0,259.0,2727,293.6046938027136,149.22834251377066,209.50051177072672,2974,
fixo_igual,grid,7,10007,172.59644502962476,327.1500000000001,597.0,263.0,2777,299.1735685992078,152.271407110666,211.58693563880882,3038,
fixo_igual,grid,8,10008,172.95346534653464,326.5499999999997,769.0,262.0,2800,300.07142857142856,153.747,210.24757281553397,3030,
fixo_igual,grid,9,10009,168.9276708692767,325.3499999999999,741.0,251.0,2787,294.01865805525654,146.06626506024097,213.4872798434442,3014,
fixo_igual,grid,10,10010,179.887936717205,363.0,821.0,268.0,2780,308.69028776978416,154.98688193743692,226.8022813688213,3034,
fixo_igual,grid,11,10011,184.85584415584415,366.0,888.0,271.0,2831,314.07983044860475,164.19646365422398,225.1455938697318,3080,
fixo_igual,grid,12,10012,162.77164827816785,282.0,787.0,239.0,2758,284.5852066715011,142.81669226830516,200.3169556840077,2991,
fixo_igual,grid,13,10013,167.13216453135536,307.75,603.0,249.0,2740,289.20948905109486,147.84953940634597,204.36363636363637,2966,
fixo_igual,grid,14,10014,176.21981320880587,332.0,684.0,265.0,2754,302.8028322440087,157.73222390317702,212.33891625615763,2998,
fixo_igual,grid,15,10015,184.35749426041326,378.0,904.0,263.0,2774,314.8914924297044,160.47067745197168,228.47338935574228,3049,
fixo_igual,grid,16,10016,170.02739726027397,315.0499999999997,725.0,265.0,2667,295.50993625796775,148.81425598335068,210.8807615230461,2920,
fixo_igual,grid,17,10017,190.1380766731644,381.0,807.0,308.0,2799,320.0135762772419,164.17864173228347,240.5678776290631,3078,
fixo_igual,grid,18,10018,167.67736598279285,303.9499999999998,644.0,257.0,2781,292.02085580726356,149.8703420112302,200.49388523047978,3022,
fixo_igual,grid,19,10019,176.16983606557378,329.0,975.0,265.0,2827,301.3919349133357,153.3413775766717,218.9651272384543,3050,
fixo_proporcional,grid,0,10000,105.13191205862758,331.9499999999998,819.0,158.0,2795,216.6572450805009,56.31872717788211,191.37603686635944,3002,
fixo_proporcional,grid,1,10001,95.24754486962411,280.4000000000001,612.0,150.0,2775,207.2962162162162,57.201331967213115,169.43956043956044,2953,
fixo_proporcional,grid,2,10002,104.38360765871683,323.39999999999964,607.0,159.0,2781,214.5900755124056,61.350431691213814,188.44345238095238,2977,
fixo_proporcional,grid,3,10003,97.98552589256995,292.0,685.0,151.0,2934,206.9901158827539,55.68359375,179.63901979264844,3109,
fixo_proporcional,grid,4,10004,92.52143799472296,286.4499999999998,746.0,137.0,2847,201.00175623463295,54.78049975502205,170.25025227043392,3032,
fixo_proporcional,grid,5,10005,100.45257181028724,304.3499999999999,875.0,142.0,2804,209.97218259629102,59.536623376623375,174.13189897100094,2994,
fixo_proporcional,grid,6,10006,94.12878278412911,288.3499999999999,929.0,146.0,2793,202.46974579305407,57.599899849774665,168.7942681678608,2974,
fixo_proporcional,grid,7,10007,100.41639236339697,310.0,764.0,174.0,2841,212.77648715241114,61.28943415122684,175.47550432276657,3038,
fixo_proporcional,grid,8,10008,102.80594059405941,308.0,674.0,152.0,2868,216.7060669456067,63.1565,179.79514563106795,3030,
fixo_proporcional,grid,9,10009,94.11247511612476,270.3499999999999,723.0,146.0,2836,203.94464033850494,55.92620481927711,168.54207436399219,3014,
fixo_proporcional,grid,10,10010,100.37409360580092,291.3499999999999,577.0,149.0,2842,210.91027445460944,59.059031281533805,178.21292775665398,3034,
fixo_proporcional,grid,11,10011,105.49577922077923,346.0,739.0,156.0,2902,218.72570640937283,61.56925343811395,191.16091954022988,3080,
fixo_proporcional,grid,12,10012,90.89334670678703,265.0,717.0,138.0,2824,200.80594900849857,54.85099846390169,158.70712909441232,2991,
fixo_proporcional,grid,13,10013,91.74848280512475,269.0,580.0,134.0,2795,199.21109123434704,56.03940634595701,160.69664031620553,2966,
fixo_proporcional,grid,14,10014,93.05370246831221,272.1500000000001,497.0,137.0,2830,204.49222614840988,57.58799798285426,162.34285714285716,2998,
fixo_proporcional,grid,15,10015,106.21154476877665,306.0,852.0,166.0,2838,219.23044397463002,64.56420626895854,183.12885154061624,3049,
fixo_proporcional,grid,16,10016,99.72979452054794,296.0,740.0,145.0,2714,211.50368459837878,59.21383975026015,177.75751503006012,2920,
fixo_proporcional,grid,17,10017,109.02988953866146,335.14999999999964,797.0,170.0,2879,221.62382771795762,60.97293307086614,202.387189292543,3078,
fixo_proporcional,grid,18,10018,91.42190602250166,269.0,531.0,134.0,2853,202.38555906063792,55.969882593159774,156.75634995296332,3022,
fixo_proporcional,grid,19,10019,102.76262295081968,301.0,1091.0,145.0,2861,213.1744145403705,59.92307692307692,183.07163053722903,3050,
atuado_gap,grid,0,10000,270.2964690206529,864.8499999999995,2104.0,405.0,2526,379.59897070467144,157.11580594679185,470.2663594470046,3002,
atuado_gap,grid,1,10001,260.3454114459871,747.4000000000001,1740.0,335.0,2600,386.91115384615387,167.9298155737705,440.56043956043953,2953,
atuado_gap,grid,2,10002,258.47631844138397,767.1999999999998,1535.0,350.0,2575,370.18563106796114,164.85474860335196,441.3541666666667,2977,
atuado_gap,grid,3,10003,255.3293663557414,768.0,1798.0,364.0,2704,368.7440828402367,150.82177734375,457.0556079170594,3109,
atuado_gap,grid,4,10004,220.77913502806206,652.0,1239.0,357.0,2617,334.6977455101261,141.06075453209212,385.4605263157895,3029,
atuado_gap,grid,5,10005,261.9909819639279,740.3499999999999,1469.0,355.0,2609,381.2621694135684,173.95324675324676,420.52478952291864,2994,
atuado_gap,grid,6,10006,234.17417619367853,830.7499999999995,1553.0,345.0,2625,348.8217142857143,139.36905358037055,427.957011258956,2974,
atuado_gap,grid,7,10007,269.04707044107965,813.4500000000003,1540.0,376.0,2637,391.40879787637465,184.66049073610415,430.9298751200769,3038,
atuado_gap,grid,8,10008,310.3666666666667,1020.0,2354.0,507.0,2532,410.89415481832543,184.865,554.0592233009709,3030,
atuado_gap,grid,9,10009,231.3335552596538,694.0,1476.0,330.0,2629,339.2236591860023,148.60642570281124,394.17193675889325,3004,
atuado_gap,grid,10,10010,287.495385629532,942.3999999999996,1894.0,427.0,2522,381.035685963521,180.2310797174571,489.5846007604563,3034,
atuado_gap,grid,11,10011,277.7172077922078,945.0,2051.0,434.0,2596,377.76271186440675,190.09921414538312,448.5890804597701,3080,
atuado_gap,grid,12,10012,202.555667001003,564.5,1530.0,277.0,2672,319.999251497006,132.25140809011776,334.8333333333333,2991,
atuado_gap,grid,13,10013,286.06540795684424,871.5,1941.0,423.0,2538,399.59574468085106,189.4145342886387,472.6818181818182,2966,
atuado_gap,grid,14,10014,253.32188125416945,739.4500000000003,1463.0,326.0,2642,376.83838001514005,175.75844679778115,404.85714285714283,2998,
atuado_gap,grid,15,10015,371.5823994726434,1299.35,2946.0,555.0,2424,440.3927392739274,222.09908998988877,651.5804924242424,3034,
atuado_gap,grid,16,10016,268.00513698630135,857.0,1883.0,412.0,2466,384.7810218978102,168.2908428720083,460.04008016032066,2920,
atuado_gap,grid,17,10017,323.1453658536585,954.5999999999995,2157.0,492.0,2517,427.07389749702025,223.1535433070866,517.9520613614574,3075,
atuado_gap,grid,18,10018,235.8656518861681,672.9499999999998,1275.0,372.0,2625,351.8007619047619,152.89076059213883,388.7798682972719,3022,
atuado_gap,grid,19,10019,298.19245901639346,914.6499999999992,1863.0,417.0,2558,399.3608287724785,177.6480643539467,524.1705937794534,3050,
max_pressure,grid,0,10000,547.0360678925035,1909.2500000000005,3504.0,791.0,1975,511.49873417721517,329.7130933750652,1004.3446761800219,2828,
max_pressure,grid,1,10001,404.7081778079403,1534.199999999999,3575.0,859.0,2028,404.10996055226826,280.4102564102564,647.8184553660983,2947,
max_pressure,grid,2,10002,517.2111822162344,1617.0,3553.0,875.0,2012,523.9433399602385,369.08633824276285,808.869,2969,
max_pressure,grid,3,10003,647.1896971806474,2365.000000000002,3551.0,1055.0,1760,463.3340909090909,406.5152271592611,1201.2942528735632,2873,
max_pressure,grid,4,10004,408.58341725411213,1648.0,3433.0,726.0,2131,402.4903801032379,274.6232239098481,700.0682302771855,2979,
max_pressure,grid,5,10005,521.5457296570276,1849.1499999999992,3493.0,870.0,2030,534.3408866995073,392.36155844155843,758.6091515729266,2974,
max_pressure,grid,6,10006,340.5605427974948,1467.849999999999,2774.0,523.0,2256,372.9454787234043,184.62143214822234,695.6465222348917,2874,
max_pressure,grid,7,10007,466.01728148886673,1639.3999999999996,3442.0,845.0,2047,457.9189057156815,331.7994962216625,726.1953125,3009,
max_pressure,grid,8,10008,637.7282685512367,2336.0,3454.0,991.0,1764,498.01927437641723,437.7118902439024,1094.3781902552205,2830,
max_pressure,grid,9,10009,528.2255772646537,2084.7999999999984,3405.0,831.0,1917,356.4653103808033,324.0753390256153,1021.5060679611651,2815,
max_pressure,grid,10,10010,520.3390671518359,1863.9,3477.0,865.0,2058,502.9518950437318,398.860970677452,750.2755980861244,3023,
max_pressure,grid,11,10011,434.5144998370805,1565.1999999999994,3520.0,805.0,2190,431.38493150684934,329.44564682734875,640.6969111969112,3069,
max_pressure,grid,12,10012,544.4161687170474,2010.0,3449.0,870.0,1905,461.0246719160105,356.0227625452664,943.719298245614,2845,
max_pressure,grid,13,10013,397.7624197363974,1267.8999999999992,3462.0,697.0,2228,440.66382405745065,300.6384615384615,585.4648166501487,2959,
max_pressure,grid,14,10014,567.0356768100735,2138.099999999999,3410.0,950.0,1870,464.3673796791444,378.1875642343268,969.553121577218,2859,
max_pressure,grid,15,10015,714.0366157127622,2432.4000000000005,3543.0,1123.0,1651,639.8461538461538,542.4023178807947,1024.7272727272727,2813,
max_pressure,grid,16,10016,452.8445993031359,1491.0,3384.0,753.0,2038,488.39303238469085,296.75916230366494,763.3895833333333,2870,
max_pressure,grid,17,10017,698.6339100346021,2388.0,3425.0,1046.0,1763,609.748156551333,489.55685279187816,1146.3315217391305,2890,
max_pressure,grid,18,10018,527.3433402346445,1847.3000000000002,3495.0,743.0,2067,513.6850507982583,336.5308831036243,925.4281150159744,2898,
max_pressure,grid,19,10019,530.5897180762853,1700.5999999999995,3460.0,863.0,2075,542.1513253012048,389.5665301944729,790.306314797361,3015,
dqn,grid,0,10000,85.3234510326449,363.6499999999987,1608.0,118.0,2801,196.4512674044984,92.2394366197183,73.10414746543779,3002,7
dqn,grid,1,10001,86.38841855739925,380.4000000000001,1800.0,104.0,2777,192.9920777817789,90.92520491803279,77.54145854145854,2953,7
dqn,grid,2,10002,88.57037285858246,408.39999999999964,1710.0,107.0,2815,199.56767317939608,92.94362620619604,80.02777777777777,2977,7
dqn,grid,3,10003,85.44129945320039,360.1999999999998,1486.0,112.0,2946,195.92294636795654,91.3505859375,74.03487276154571,3109,7
dqn,grid,4,10004,84.06200527704486,384.89999999999964,1586.0,106.0,2846,192.27442023893184,90.54777070063695,70.70433905146317,3032,7
dqn,grid,5,10005,85.62792251169004,366.6999999999998,1828.0,118.0,2834,192.37438249823572,95.00987012987012,68.733395696913,2994,7
dqn,grid,6,10006,85.11735036987223,409.3499999999999,1686.0,110.0,2797,193.41043975688237,93.62143214822234,67.73490276356192,2974,7
dqn,grid,7,10007,82.67182356813693,400.1500000000001,1597.0,115.0,2853,191.39852786540484,90.3264897346019,67.98751200768491,3038,7
dqn,grid,8,10008,85.57722772277228,376.5499999999997,2197.0,117.0,2857,196.73398669933496,93.7955,69.61941747572816,3030,7
dqn,grid,9,10009,85.17551426675514,408.39999999999964,1425.0,118.0,2825,192.86442477876105,90.60240963855422,74.59784735812133,3014,7
dqn,grid,10,10010,91.08470665787739,418.3499999999999,1578.0,123.0,2856,202.18837535014006,100.42129162462159,73.49429657794677,3034,7
dqn,grid,11,10011,85.44350649350649,392.09999999999945,1719.0,121.0,2917,195.94994857730546,92.65618860510806,71.37739463601532,3080,7
dqn,grid,12,10012,83.22835172183217,408.5,1442.0,106.0,2829,194.09579356663133,90.34562211981567,69.83718689788054,2991,7
dqn,grid,13,10013,83.93189480782198,389.75,2014.0,103.0,2800,188.7,92.65506653019447,67.08893280632411,2966,7
dqn,grid,14,10014,85.95363575717145,382.60000000000036,1602.0,113.0,2824,193.9801699716714,90.43772062531518,77.19310344827586,2998,7
dqn,grid,15,10015,86.30272220400131,415.3999999999992,1926.0,112.0,2866,198.58722958827633,95.55813953488372,69.20915032679738,3049,7
dqn,grid,16,10016,84.72157534246575,379.0499999999997,1695.0,118.0,2737,196.55389112166606,88.94640998959417,76.58517034068136,2920,7
dqn,grid,17,10017,84.87491877842756,359.4499999999989,1304.0,118.0,2911,197.5726554448643,90.19931102362204,74.53154875717017,3078,7
dqn,grid,18,10018,84.77763070814031,419.7499999999991,1694.0,120.0,2826,193.43418259023355,93.96222562531904,67.8513640639699,3022,7
dqn,grid,19,10019,85.15704918032787,388.5499999999997,2109.0,110.0,2889,196.0231914157148,91.56711915535445,73.14043355325165,3050,7
dqn,grid,0,10000,699.0865231259968,3004.65,3465.0,843.0,1615,141.42291021671826,343.8262910798122,1851.4280879864637,2508,42
dqn,grid,1,10001,711.25483234714,2990.0,3544.0,930.0,1563,143.87332053742801,352.5625,1912.2281303602058,2535,42
dqn,grid,2,10002,607.4401726167124,2992.3999999999996,3491.0,754.0,1745,164.36275071633239,357.51650584052817,1455.8879310344828,2549,42
dqn,grid,3,10003,714.5946869070209,3090.5999999999995,3509.0,910.0,1682,145.025564803805,349.537708129285,1971.671163575042,2635,42
dqn,grid,4,10004,783.3226053639846,3093.649999999999,3536.0,965.0,1602,168.03995006242198,375.7450980392157,2242.021052631579,2610,42
dqn,grid,5,10005,739.5655965120887,3031.8,3554.0,908.0,1585,140.44668769716088,356.76467532467535,1971.8260869565217,2523,42
dqn,grid,6,10006,533.1496937212863,2791.45,3471.0,743.0,1827,155.27969348659005,266.5738607911868,1398.7626016260162,2612,42
dqn,grid,7,10007,779.0936202340506,2965.7999999999997,3540.0,1016.0,1589,154.4587791063562,396.2368552829244,1951.739263803681,2649,42
dqn,grid,8,10008,708.3194075199392,2907.4,3448.0,959.0,1631,143.17841814837524,361.8826479438315,1789.3755868544602,2633,42
dqn,grid,9,10009,691.2045112781955,2854.4499999999975,3536.0,965.0,1654,169.9117291414752,370.6074297188755,1647.2365269461077,2660,42
dqn,grid,10,10010,809.852975495916,3060.0,3544.0,985.0,1533,169.71689497716895,437.09343434343435,2058.6920473773266,2571,42
dqn,grid,11,10011,689.6107156238292,2892.0,3479.0,950.0,1677,179.62850327966606,340.54076620825145,1812.3696682464456,2669,42
dqn,grid,12,10012,701.8625242718447,2904.0,3513.0,930.0,1605,158.06355140186915,365.5412186379928,1757.8681672025723,2575,42
dqn,grid,13,10013,725.2088176352705,3045.5999999999995,3547.0,876.0,1586,143.19230769230768,351.85699588477365,2042.442831215971,2495,42
dqn,grid,14,10014,714.5952658129609,3087.3999999999987,3547.0,896.0,1644,174.2189781021898,332.28954017180394,1979.784280936455,2577,42
dqn,grid,15,10015,741.0643545279383,3082.299999999997,3556.0,948.0,1600,165.29625,394.8877654196158,1850.8492706645056,2595,42
dqn,grid,16,10016,681.5091342335187,2971.0,3550.0,894.0,1583,163.0113708149084,326.58116545265347,1826.0922818791946,2518,42
dqn,grid,17,10017,752.7023764617126,2988.0,3464.0,983.0,1627,148.559926244622,396.0896110290497,1920.8967741935485,2651,42
dqn,grid,18,10018,736.4707046714173,3050.5,3535.0,924.0,1564,160.94948849104858,348.86115364982135,2075.671957671958,2526,42
dqn,grid,19,10019,754.3710111495578,2998.0,3527.0,953.0,1613,137.3738375697458,396.6857717445953,1916.8480392156862,2601,42
dqn,grid,0,10000,107.3344437041972,554.8999999999996,1684.0,144.0,2776,220.36959654178673,91.68022952529995,134.9926267281106,3002,123
dqn,grid,1,10001,91.49271926854047,430.60000000000036,2106.0,142.0,2760,201.85398550724636,87.8201844262295,98.65434565434566,2953,123
dqn,grid,2,10002,88.19314746388982,426.0,1401.0,118.0,2807,199.39508371927326,78.78313864906043,106.57440476190476,2977,123
dqn,grid,3,10003,91.61659697651979,382.39999999999964,2002.0,127.0,2928,201.202868852459,90.17333984375,94.40245051837888,3109,123
dqn,grid,4,10004,88.35290237467018,366.89999999999964,2198.0,132.0,2837,196.49524145223828,93.39343459088683,77.97174571140262,3032,123
dqn,grid,5,10005,99.48964595858384,480.39999999999964,1895.0,144.0,2828,212.35714285714286,92.68987012987013,111.73433115060804,2994,123
dqn,grid,6,10006,84.79993275050437,427.3499999999999,2210.0,120.0,2785,188.98312387791742,85.4466700050075,83.47799385875128,2974,123
dqn,grid,7,10007,98.64417379855168,515.7500000000005,2097.0,164.0,2867,214.5109870945239,94.79719579369053,106.02401536983669,3038,123
dqn,grid,8,10008,82.72277227722772,353.5499999999997,1617.0,124.0,2835,192.00352733686066,81.483,85.13009708737864,3030,123
dqn,grid,9,10009,97.83742534837425,477.6999999999998,1940.0,157.0,2796,203.620886981402,87.13102409638554,118.70547945205479,3014,123
dqn,grid,10,10010,96.4564930784443,412.3499999999999,2584.0,135.0,2828,206.57142857142858,98.07870837537841,93.40019011406844,3034,123
dqn,grid,11,10011,91.20292207792208,405.0499999999997,1844.0,126.0,2887,196.49289920332524,88.04567779960708,97.36015325670498,3080,123
dqn,grid,12,10012,73.99732530926111,347.0,1149.0,116.0,2802,181.7444682369736,73.10496671786994,75.67630057803468,2991,123
dqn,grid,13,10013,84.2154416722859,340.75,2029.0,112.0,2801,192.70403427347375,89.12128966223132,74.74308300395256,2966,123
dqn,grid,14,10014,84.52401601067378,405.1500000000001,1387.0,127.0,2806,191.7822523164647,81.8910741301059,89.66798029556651,2998,123
dqn,grid,15,10015,114.99770416530009,551.0,2277.0,156.0,2853,228.33648790746582,107.03791708796764,129.6984126984127,3049,123
dqn,grid,16,10016,84.11061643835616,388.0,2330.0,133.0,2715,195.14953959484347,78.52393340270551,94.86973947895791,2920,123
dqn,grid,17,10017,103.37751786874594,508.14999999999964,1440.0,162.0,2872,216.59470752089138,86.82135826771653,135.54015296367112,3078,123
dqn,grid,18,10018,105.44374586366645,515.7499999999991,2292.0,152.0,2793,214.68385248836375,95.27922409392548,124.17591721542803,3022,123
dqn,grid,19,10019,92.69344262295083,415.09999999999945,1885.0,133.0,2863,203.6325532658051,89.228255404726,99.1894439208294,3050,123
dqn,grid,0,10000,131.18720852764824,639.8999999999996,2125.0,185.0,2730,238.13846153846154,128.5112154407929,135.9152073732719,3002,777
dqn,grid,1,10001,294.04776847977683,1576.65,3311.0,603.0,2205,225.28843537414966,203.68753206772703,485.6822633297062,2868,777
dqn,grid,2,10002,252.1403567822282,1329.5,3316.0,560.0,2362,230.27434377646063,191.82529202640936,370.66367265469063,2971,777
dqn,grid,3,10003,145.42972016725636,691.1999999999998,2047.0,222.0,2850,249.8740350877193,129.974609375,175.26201696512723,3109,777
dqn,grid,4,10004,116.88225593667546,511.7999999999993,2220.0,148.0,2826,226.0307855626327,118.38020578147966,113.79717457114026,3032,777
dqn,grid,5,10005,293.7782285327924,1500.15,3017.0,571.0,2329,265.9720910261915,198.88623376623377,470.60987415295256,2958,777
dqn,grid,6,10006,189.6654275092937,1143.5999999999995,3362.0,357.0,2534,211.1460142067877,150.8452679018528,270.25155925155923,2959,777
dqn,grid,7,10007,159.89861751152074,806.5000000000009,2223.0,275.0,2686,225.3227848101266,133.86079118678018,209.84822286263207,3038,777
dqn,grid,8,10008,189.28571428571428,916.5499999999997,2705.0,460.0,2518,240.32922954725973,160.4615,245.5830078125,3024,777
dqn,grid,9,10009,189.2573179033356,912.0500000000006,2231.0,280.0,2585,253.0588007736944,131.45833333333334,310.9651162790698,2938,777
dqn,grid,10,10010,308.8903182125931,1614.0499999999997,3272.0,692.0,2233,211.36005373936408,218.97866937531742,488.6223350253807,2954,777
dqn,grid,11,10011,217.69715779157139,1134.0,2471.0,377.0,2616,262.1616972477064,156.66110019646365,338.93560975609756,3061,777
dqn,grid,12,10012,122.14710799063859,563.0,2161.0,165.0,2770,228.642238267148,119.4173067076293,127.28323699421965,2991,777
dqn,grid,13,10013,128.46257585974377,631.0,2579.0,213.0,2692,220.84546805349183,127.4539406345957,130.4100790513834,2966,777
dqn,grid,14,10014,280.89811066126856,1346.6999999999998,2717.0,643.0,2282,267.840490797546,204.95511850731216,434.4097859327217,2964,777
dqn,grid,15,10015,128.76582486061002,590.3999999999996,2860.0,195.0,2767,228.7466570292736,124.4453993933266,136.7450980392157,3049,777
dqn,grid,16,10016,256.5853236413984,1509.7999999999997,2686.0,436.0,2385,283.535429769392,176.02445369406868,416.7073422957601,2889,777
dqn,grid,17,10017,236.87347611202637,1299.2999999999997,2705.0,414.0,2557,247.88893234258896,157.25492125984252,398.17447657028913,3035,777
dqn,grid,18,10018,140.608206485771,748.8999999999996,2439.0,201.0,2734,245.3119970738844,136.69218989280245,147.8250235183443,3022,777
dqn,grid,19,10019,156.95800524934384,798.3000000000002,3258.0,264.0,2706,231.57760532150775,142.47058823529412,184.16808309726156,3048,777
dqn,grid,0,10000,53.90473017988008,179.94999999999982,1475.0,81.0,2859,166.62329485834206,54.81533646322379,52.295852534562215,3002,2024
dqn,grid,1,10001,47.55130375888927,171.0,855.0,74.0,2819,159.16211422490244,46.408811475409834,49.77922077922078,2953,2024
dqn,grid,2,10002,57.803157541148806,233.0,805.0,84.0,2846,168.87034434293744,58.21533773489081,56.99801587301587,2977,2024
dqn,grid,3,10003,58.80604696043744,228.0,941.0,91.0,2969,168.1559447625463,60.6142578125,55.31573986804901,3109,2024
dqn,grid,4,10004,50.892150395778366,183.44999999999982,816.0,91.0,2868,159.51150627615064,49.59333659970603,53.56710393541877,3032,2024
dqn,grid,5,10005,54.49933199732799,209.3499999999999,852.0,77.0,2864,164.9231843575419,57.68571428571428,48.76145930776426,2994,2024
dqn,grid,6,10006,59.17417619367855,233.69999999999982,1050.0,89.0,2827,170.99044923947648,57.7586379569354,62.0675537359263,2974,2024
dqn,grid,7,10007,56.83113890717577,217.1500000000001,1114.0,96.0,2880,166.50520833333334,57.271407110666,55.98655139289145,3038,2024
dqn,grid,8,10008,69.75082508250826,299.5499999999997,972.0,176.0,2789,167.4553603442094,61.0565,86.63300970873786,3030,2024
dqn,grid,9,10009,54.23888520238885,205.0,904.0,90.0,2870,165.20975609756098,51.98744979919679,58.62720156555773,3014,2024
dqn,grid,10,10010,55.956493078444296,208.3499999999999,895.0,103.0,2858,165.61756473058082,53.8773965691221,59.87357414448669,3034,2024
dqn,grid,11,10011,60.989285714285714,250.0,986.0,102.0,2939,174.68254508336167,61.473968565815326,60.04406130268199,3080,2024
dqn,grid,12,10012,58.35439652290204,218.0,1338.0,84.0,2847,168.05795574288726,63.72862263184844,48.24277456647399,2991,2024
dqn,grid,13,10013,54.83513149022252,224.75,1415.0,90.0,2839,163.36491722437478,58.53480040941658,47.691699604743086,2966,2024
dqn,grid,14,10014,58.40693795863909,221.1500000000001,1303.0,106.0,2854,169.09810791871058,62.19415027735754,51.00788177339901,2998,2024
dqn,grid,15,10015,56.20039357166284,212.19999999999982,1701.0,86.0,2900,168.0044827586207,56.94438827098079,54.826330532212886,3049,2024
dqn,grid,16,10016,53.382876712328766,210.1999999999989,923.0,90.0,2735,163.7868372943327,53.30228928199792,53.53807615230461,2920,2024
dqn,grid,17,10017,493.320480174609,2714.9999999999995,3499.0,797.0,1907,160.67278447823807,247.144776119403,1162.8917456021652,2749,2024
dqn,grid,18,10018,165.78841567291312,1237.6999999999975,2178.0,397.0,2477,155.9156237383932,103.84379785604901,290.1219262295082,2935,2024
dqn,grid,19,10019,56.32295081967213,201.0,888.0,103.0,2913,167.91967044284243,56.36953242835596,56.235626767200756,3050,2024
